{
  "totalCount": 252,
  "start": 0,
  "rows": 50,
  "result": [
    {
      "id": 2922,
      "title": "JAIRO",
      "especie": "Canina",
      "raza": "AMERICAN STAFFORDSHIRE TERRIER",
      "sexo": "Macho",
      "peligroso": "S",
      "fechaNacimiento": "2020-06-03T00:00:00",
      "capa": "Atigrado",
      "tamagno": "Mediano (11-25 kg)",
      "foto": "/cont/paginas/proteccionanimal/animal/imagen/JAIRO.jpg",
      "lugar": "Guardería",
      "disponibilidad": "Disponible",
      "identificadoIngreso": "N",
      "microchip": "941000026523259",
      "pasaporteISO": "ES",
      "pasaporteNum": "020328342",
      "rabia": "N",
      "esterilizado": "S",
      "enCMPA": "S",
      "creationDate": "2021-06-09T00:00:00",
      "lastUpdated": "2021-08-12T10:20:40"
    },
    {
      "id": 2929,
      "title": "TATA",
      "especie": "Felina",
      "raza": "COMÚN EUROPEO",
      "sexo": "Hembra",
      "peligroso": "N",
      "fechaNacimiento": "2021-03-05T00:00:00",
      "capa": "Atigrado",
      "tamagno": "Pequeño (< 10 Kg)",
      "foto": "/cont/paginas/proteccionanimal/animal/imagen/TATA.jpg",
      "lugar": "Casa de Acogida",
      "disponibilidad": "Disponible",
      "identificadoIngreso": "N",
      "microchip": "941000026523236",
      "rabia": "N",
      "esterilizado": "N",
      "enCMPA": "S",
      "creationDate": "2021-06-09T00:00:00",
      "lastUpdated": "2021-08-13T14:15:00"
    },
    {
      "id": 3342,
      "title": "JASPER",
      "especie": "Felina",
      "raza": "COMUN EUROPEO",
      "sexo": "Macho",
      "peligroso": "N",
      "fechaNacimiento": "2019-06-15T00:00:00",
      "capa": "BLANCO Y NEGRO",
      "tamagno": "Mediano (11-25 kg)",
      "foto": "/cont/paginas/proteccionanimal/animal/imagen/3342_1663745609849.png",
      "lugar": "Parque",
      "disponibilidad": "Disponible",
      "identificadoIngreso": "N",
      "microchip": "941000026523362",
      "cartilla": "AR0018819",
      "rabia": "N",
      "esterilizado": "S",
      "enCMPA": "S",
      "creationDate": "2021-06-24T00:00:00",
      "lastUpdated": "2022-09-21T09:33:29"
    },
    {
      "id": 3351,
      "title": "Shiba",
      "especie": "Canina",
      "raza": "MESTIZO",
      "sexo": "Hembra",
      "peligroso": "N",
      "fechaNacimiento": "2014-12-19T00:00:00",
      "capa": "Negro",
      "foto": "/cont/paginas/proteccionanimal/animal/imagen/3351_1663747399970.png",
      "lugar": "Cuarentena",
      "disponibilidad": "Disponible",
      "identificadoIngreso": "S",
      "microchip": "941000017536978",
      "pasaporteISO": "ES",
      "pasaporteNum": "020187120",
      "rabia": "S",
      "esterilizado": "N",
      "enCMPA": "N",
      "creationDate": "2021-06-24T00:00:00",
      "lastUpdated": "2022-09-21T10:03:19"
    },
    {
      "id": 1910,
      "title": "FINA ",
      "especie": "Canina",
      "raza": "MESTIZO",
      "sexo": "Hembra",
      "peligroso": "S",
      "fechaNacimiento": "2018-07-15T00:00:00",
      "capa": "Atigrado",
      "tamagno": "Mediano (11-25 kg)",
      "foto": "/cont/paginas/proteccionanimal/animal/imagen/FINA.jpg",
      "lugar": "Guardería",
      "disponibilidad": "Disponible",
      "identificadoIngreso": "N",
      "microchip": "941000024746817",
      "pasaporteISO": "ES",
      "pasaporteNum": "020302391",
      "rabia": "N",
      "fechaRabia": "2020-02-10T00:00:00",
      "esterilizado": "S",
      "lugarEsterilizacion": "En el CMPA",
      "fechaEsterilizacion": "2021-05-01T00:00:00",
      "caracter": "Bueno",
      "enCMPA": "S",
      "creationDate": "2021-05-20T00:00:00",
      "lastUpdated": "2021-08-12T11:35:46"
    },
    {
      "id": 1930,
      "title": "STRONG",
      "especie": "Canina",
      "raza": "MESTIZO",
      "sexo": "Macho",
      "peligroso": "S",
      "fechaNacimiento": "2014-06-06T00:00:00",
      "capa": "Atigrado",
      "tamagno": "Grande (26-44 kg)",
      "foto": "/cont/paginas/proteccionanimal/animal/imagen/STRONG.jpg",
      "lugar": "Guardería",
      "disponibilidad": "Disponible",
      "identificadoIngreso": "S",
      "microchip": "900176000121034",
      "pasaporteISO": "ES",
      "pasaporteNum": "020300418",
      "rabia": "S",
      "fechaRabia": "2019-09-07T00:00:00",
      "esterilizado": "S",
      "caracter": "Bueno",
      "enCMPA": "N",
      "creationDate": "2021-05-20T00:00:00",
      "lastUpdated": "2021-06-02T13:45:31"
    },
    {
      "id": 1938,
      "title": "Polvoron",
      "especie": "Felina",
      "raza": "COMÚN EUROPEO",
      "sexo": "Macho",
      "peligroso": "N",
      "fechaNacimiento": "2019-03-10T00:00:00",
      "capa": "Naranja",
      "tamagno": "Pequeño (< 10 Kg)",
      "foto": "/cont/paginas/proteccionanimal/animal/imagen/POLVORoN.jpg",
      "lugar": "Casa de Acogida",
      "disponibilidad": "Disponible",
      "identificadoIngreso": "N",
      "microchip": "941000025210599",
      "cartilla": "AR0021719",
      "rabia": "N",
      "esterilizado": "N",
      "caracter": "Bueno",
      "enCMPA": "S",
      "creationDate": "2021-05-20T00:00:00",
      "lastUpdated": "2021-05-27T00:00:00"
    },
    {
      "id": 1990,
      "title": "MILU",
      "especie": "Canina",
      "raza": "AMERICAN STAFFORDSHIRE TERRIER",
      "sexo": "Hembra",
      "peligroso": "S",
      "fechaNacimiento": "2019-05-10T00:00:00",
      "tamagno": "Mediano (11-25 kg)",
      "foto": "/cont/paginas/proteccionanimal/animal/imagen/MILU.jpg",
      "lugar": "CMPA",
      "disponibilidad": "Disponible",
      "identificadoIngreso": "N",
      "microchip": "941000025852614",
      "pasaporteISO": "ES",
      "pasaporteNum": "020322712",
      "rabia": "S",
      "esterilizado": "S",
      "enCMPA": "S",
      "creationDate": "2021-05-20T00:00:00",
      "lastUpdated": "2022-05-28T09:11:27"
    },
    {
      "id": 2055,
      "title": "MAYO",
      "especie": "Canina",
      "raza": "PASTOR ALEMÁN",
      "sexo": "Macho",
      "peligroso": "N",
      "fechaNacimiento": "2011-05-25T00:00:00",
      "capa": "Negro y fuego",
      "tamagno": "Grande (26-44 kg)",
      "foto": "/cont/paginas/proteccionanimal/animal/imagen/mayo.png",
      "lugar": "CMPA",
      "disponibilidad": "Disponible",
      "identificadoIngreso": "N",
      "microchip": "941000026523198",
      "pasaporteISO": "ES",
      "pasaporteNum": "020328337",
      "rabia": "N",
      "esterilizado": "S",
      "enCMPA": "S",
      "creationDate": "2021-05-20T00:00:00",
      "lastUpdated": "2022-05-25T08:45:34"
    },
    {
      "id": 2082,
      "title": "NAPOLEON",
      "especie": "Canina",
      "raza": "AMERICAN STAFFORDSHIRE TERRIER",
      "sexo": "Macho",
      "peligroso": "S",
      "fechaNacimiento": "2020-07-15T00:00:00",
      "capa": "Blanco y negro",
      "tamagno": "Mediano (11-25 kg)",
      "foto": "/cont/paginas/proteccionanimal/animal/imagen/napoleon.png",
      "lugar": "CMPA",
      "disponibilidad": "Disponible",
      "identificadoIngreso": "N",
      "microchip": "941000026523328",
      "pasaporteISO": "ES",
      "pasaporteNum": "020328334",
      "rabia": "N",
      "esterilizado": "S",
      "enCMPA": "S",
      "creationDate": "2021-05-20T00:00:00",
      "lastUpdated": "2022-05-24T10:43:38"
    },
    {
      "id": 2117,
      "title": "MISI",
      "especie": "Felina",
      "raza": "SIAMÉS",
      "sexo": "Hembra",
      "peligroso": "N",
      "fechaNacimiento": "2019-03-30T00:00:00",
      "capa": "Gris",
      "tamagno": "Pequeño (< 10 Kg)",
      "foto": "/cont/paginas/proteccionanimal/animal/imagen/misi.jpg",
      "lugar": "Parque",
      "disponibilidad": "Disponible",
      "identificadoIngreso": "N",
      "microchip": "941000026249012",
      "cartilla": "AR0040568",
      "rabia": "N",
      "esterilizado": "S",
      "enCMPA": "S",
      "creationDate": "2021-05-20T00:00:00",
      "lastUpdated": "2022-05-24T09:30:51"
    },
    {
      "id": 2155,
      "title": "MELVA",
      "especie": "Canina",
      "raza": "MESTIZO",
      "sexo": "Hembra",
      "peligroso": "S",
      "fechaNacimiento": "2019-04-03T00:00:00",
      "capa": "Blanco y negro",
      "tamagno": "Mediano (11-25 kg)",
      "foto": "/cont/paginas/proteccionanimal/animal/imagen/MELVA11.jpg",
      "lugar": "Guardería",
      "disponibilidad": "Disponible",
      "identificadoIngreso": "N",
      "microchip": "941000026249006",
      "pasaporteISO": "ES",
      "pasaporteNum": "020328847",
      "rabia": "N",
      "fechaRabia": "2021-03-04T00:00:00",
      "esterilizado": "S",
      "lugarEsterilizacion": "En el CMPA",
      "fechaEsterilizacion": "2021-04-10T00:00:00",
      "caracter": "Bueno",
      "enCMPA": "S",
      "creationDate": "2021-05-20T00:00:00",
      "lastUpdated": "2021-08-12T12:07:52"
    },
    {
      "id": 2156,
      "title": "MORGAN",
      "especie": "Felina",
      "raza": "COMÚN EUROPEO",
      "sexo": "Macho",
      "peligroso": "N",
      "fechaNacimiento": "2020-03-15T00:00:00",
      "capa": "Negro",
      "tamagno": "Pequeño (< 10 Kg)",
      "foto": "/cont/paginas/proteccionanimal/animal/imagen/morgan.png",
      "lugar": "Casa de Acogida",
      "disponibilidad": "Disponible",
      "identificadoIngreso": "N",
      "microchip": "941000026249030",
      "cartilla": "AR0040565",
      "rabia": "N",
      "esterilizado": "N",
      "enCMPA": "S",
      "creationDate": "2021-05-20T00:00:00",
      "lastUpdated": "2022-02-10T09:27:05"
    },
    {
      "id": 2170,
      "title": "CASETAS",
      "especie": "Felina",
      "raza": "COMÚN EUROPEO",
      "sexo": "Hembra",
      "peligroso": "N",
      "fechaNacimiento": "2019-10-17T00:00:00",
      "capa": "Atigrado",
      "tamagno": "Pequeño (< 10 Kg)",
      "foto": "/cont/paginas/proteccionanimal/animal/imagen/casetas.jpg",
      "lugar": "Parque",
      "disponibilidad": "Disponible",
      "identificadoIngreso": "N",
      "microchip": "941000026248989",
      "cartilla": "AR0040253",
      "rabia": "N",
      "esterilizado": "S",
      "enCMPA": "S",
      "creationDate": "2021-05-20T00:00:00",
      "lastUpdated": "2021-08-25T15:06:56"
    },
    {
      "id": 2183,
      "title": "THORR ",
      "especie": "Canina",
      "raza": "AMERICAN STAFFORDSHIRE TERRIER",
      "sexo": "Macho",
      "peligroso": "S",
      "fechaNacimiento": "2019-09-13T00:00:00",
      "capa": "Blanco y rojo",
      "tamagno": "Mediano (11-25 kg)",
      "foto": "/cont/paginas/proteccionanimal/animal/imagen/THORR.jpg",
      "lugar": "Guardería",
      "disponibilidad": "Disponible",
      "identificadoIngreso": "S",
      "microchip": "941000024718193",
      "pasaporteISO": "ES",
      "pasaporteNum": "020281270",
      "rabia": "N",
      "fechaRabia": "2021-04-15T00:00:00",
      "esterilizado": "S",
      "lugarEsterilizacion": "En el CMPA",
      "fechaEsterilizacion": "2021-05-01T00:00:00",
      "caracter": "Bueno",
      "enCMPA": "S",
      "creationDate": "2021-05-20T00:00:00",
      "lastUpdated": "2021-08-12T09:37:32"
    },
    {
      "id": 2203,
      "title": "CHISKA",
      "especie": "Canina",
      "raza": "MESTIZO",
      "sexo": "Hembra",
      "peligroso": "S",
      "fechaNacimiento": "2013-06-01T00:00:00",
      "capa": "Atigrado",
      "tamagno": "Mediano (11-25 kg)",
      "foto": "/cont/paginas/proteccionanimal/animal/imagen/CHISCA.jpg",
      "lugar": "Cuarentena",
      "disponibilidad": "Disponible",
      "identificadoIngreso": "S",
      "microchip": "941000023746637",
      "pasaporteISO": "ES",
      "pasaporteNum": "020333395",
      "rabia": "N",
      "fechaRabia": "2021-05-05T00:00:00",
      "esterilizado": "N",
      "enCMPA": "S",
      "creationDate": "2021-05-20T00:00:00",
      "lastUpdated": "2022-03-18T10:46:43"
    },
    {
      "id": 2209,
      "title": "PANCHO",
      "especie": "Canina",
      "raza": "AMERICAN STAFFORDSHIRE TERRIER",
      "sexo": "Macho",
      "peligroso": "S",
      "fechaNacimiento": "2015-05-01T00:00:00",
      "capa": "Blanco y negro",
      "tamagno": "Mediano (11-25 kg)",
      "foto": "/cont/paginas/proteccionanimal/animal/imagen/FRANCHO.jpg",
      "lugar": "Guardería",
      "disponibilidad": "Disponible",
      "identificadoIngreso": "S",
      "microchip": "941000019380918",
      "pasaporteISO": "ES",
      "pasaporteNum": "020332012",
      "rabia": "S",
      "fechaRabia": "2021-02-13T00:00:00",
      "esterilizado": "S",
      "enCMPA": "S",
      "creationDate": "2021-05-20T00:00:00",
      "lastUpdated": "2021-08-21T12:06:25"
    },
    {
      "id": 2220,
      "title": "ABBY ",
      "especie": "Canina",
      "raza": "MESTIZO",
      "sexo": "Hembra",
      "peligroso": "S",
      "fechaNacimiento": "2020-04-04T00:00:00",
      "capa": "Negro y fuego",
      "tamagno": "Mediano (11-25 kg)",
      "foto": "/cont/paginas/proteccionanimal/animal/imagen/abby.jpg",
      "lugar": "Guardería",
      "disponibilidad": "Disponible",
      "identificadoIngreso": "N",
      "microchip": "941000026249023",
      "pasaporteISO": "ES",
      "pasaporteNum": "020333989",
      "rabia": "N",
      "fechaRabia": "2021-04-05T00:00:00",
      "esterilizado": "S",
      "lugarEsterilizacion": "En el CMPA",
      "fechaEsterilizacion": "2021-05-01T00:00:00",
      "caracter": "Bueno",
      "enCMPA": "S",
      "creationDate": "2021-05-20T00:00:00",
      "lastUpdated": "2021-06-02T13:31:51"
    },
    {
      "id": 2233,
      "title": "DAJJA ",
      "especie": "Canina",
      "raza": "MESTIZO",
      "sexo": "Hembra",
      "peligroso": "S",
      "fechaNacimiento": "2018-09-15T00:00:00",
      "capa": "Blanco y marrón",
      "tamagno": "Mediano (11-25 kg)",
      "foto": "/cont/paginas/proteccionanimal/animal/imagen/DAJJA.jpg",
      "lugar": "Guardería",
      "disponibilidad": "Disponible",
      "identificadoIngreso": "S",
      "microchip": "981098106628147",
      "pasaporteISO": "ES",
      "pasaporteNum": "020271156",
      "rabia": "N",
      "fechaRabia": "2021-02-16T00:00:00",
      "esterilizado": "N",
      "enCMPA": "S",
      "creationDate": "2021-05-20T00:00:00",
      "lastUpdated": "2022-03-18T08:55:00"
    },
    {
      "id": 2234,
      "title": "ARIKA ",
      "especie": "Canina",
      "raza": "PITBULL",
      "sexo": "Hembra",
      "peligroso": "S",
      "fechaNacimiento": "2014-01-06T00:00:00",
      "capa": "Blanco y marrón",
      "tamagno": "Mediano (11-25 kg)",
      "foto": "/cont/paginas/proteccionanimal/animal/imagen/ARIKA.jpg",
      "lugar": "Guardería",
      "disponibilidad": "Disponible",
      "identificadoIngreso": "S",
      "microchip": "941000016214553",
      "pasaporteISO": "ES",
      "pasaporteNum": "020332019",
      "rabia": "N",
      "fechaRabia": "2021-02-16T00:00:00",
      "esterilizado": "N",
      "enCMPA": "S",
      "creationDate": "2021-05-20T00:00:00",
      "lastUpdated": "2022-03-18T08:53:57"
    },
    {
      "id": 592,
      "title": "DIVA",
      "especie": "Canina",
      "raza": "AMERICAN STAFFORDSHIRE TERRIER",
      "sexo": "Hembra",
      "peligroso": "S",
      "fechaNacimiento": "2017-11-04T00:00:00",
      "capa": "Marrón",
      "tamagno": "Grande (26-44 kg)",
      "foto": "/cont/paginas/proteccionanimal/animal/imagen/DIVA.jpg",
      "lugar": "Guardería",
      "disponibilidad": "Disponible",
      "identificadoIngreso": "S",
      "microchip": "941000021340080",
      "pasaporteISO": "ES",
      "pasaporteNum": "020293739",
      "rabia": "N",
      "fechaRabia": "2021-03-24T00:00:00",
      "esterilizado": "S",
      "caracter": "Bueno",
      "enCMPA": "N",
      "creationDate": "2021-05-20T00:00:00",
      "lastUpdated": "2021-08-13T15:09:02"
    },
    {
      "id": 598,
      "title": "Eros",
      "especie": "Canina",
      "raza": "PITBULL",
      "sexo": "Macho",
      "peligroso": "S",
      "fechaNacimiento": "2014-05-16T00:00:00",
      "capa": "Blanco y marrón",
      "tamagno": "Mediano (11-25 kg)",
      "foto": "/cont/paginas/proteccionanimal/animal/imagen/598_1663747727566.png",
      "lugar": "CMPA",
      "disponibilidad": "Disponible",
      "identificadoIngreso": "N",
      "microchip": "941000021340253",
      "pasaporteISO": "ES",
      "pasaporteNum": "020246171",
      "rabia": "N",
      "fechaRabia": "2018-08-19T00:00:00",
      "esterilizado": "S",
      "caracter": "Bueno",
      "enCMPA": "S",
      "creationDate": "2021-05-20T00:00:00",
      "lastUpdated": "2022-09-21T10:08:47"
    },
    {
      "id": 624,
      "title": "PRINCIPE",
      "especie": "Felina",
      "raza": "COMÚN EUROPEO",
      "sexo": "Macho",
      "peligroso": "N",
      "fechaNacimiento": "2020-06-30T00:00:00",
      "capa": "Blanco y atigrado",
      "tamagno": "Pequeño (< 10 Kg)",
      "foto": "/cont/paginas/proteccionanimal/animal/imagen/IMG-20180524-WA0010.jpg",
      "lugar": "Casa de Acogida",
      "disponibilidad": "Disponible",
      "identificadoIngreso": "N",
      "microchip": "941000025852920",
      "cartilla": "AR0026694",
      "rabia": "N",
      "esterilizado": "S",
      "caracter": "Bueno",
      "enCMPA": "N",
      "creationDate": "2021-05-20T00:00:00",
      "lastUpdated": "2021-09-17T13:26:27"
    },
    {
      "id": 642,
      "title": "BARRI",
      "especie": "Canina",
      "raza": "DOGO ARGENTINO",
      "sexo": "Macho",
      "peligroso": "S",
      "fechaNacimiento": "2018-10-02T00:00:00",
      "capa": "Blanco",
      "tamagno": "Grande (26-44 kg)",
      "foto": "/cont/paginas/proteccionanimal/animal/imagen/barri2.png",
      "lugar": "CMPA",
      "disponibilidad": "Disponible",
      "identificadoIngreso": "N",
      "microchip": "941000023950613",
      "pasaporteISO": "ES",
      "pasaporteNum": "020288385",
      "rabia": "N",
      "fechaRabia": "2019-06-13T00:00:00",
      "esterilizado": "S",
      "caracter": "Bueno",
      "enCMPA": "S",
      "creationDate": "2021-05-20T00:00:00",
      "lastUpdated": "2021-11-09T11:02:01"
    },
    {
      "id": 668,
      "title": "ROSITA",
      "especie": "Canina",
      "raza": "AMERICAN STAFFORDSHIRE TERRIER",
      "sexo": "Hembra",
      "peligroso": "S",
      "fechaNacimiento": "2018-06-18T00:00:00",
      "capa": "Blanco y marrón",
      "tamagno": "Grande (26-44 kg)",
      "foto": "/cont/paginas/proteccionanimal/animal/imagen/ROSITA.jpg",
      "lugar": "CMPA",
      "disponibilidad": "Disponible",
      "identificadoIngreso": "N",
      "microchip": "941000024072633",
      "pasaporteISO": "ES",
      "pasaporteNum": "020293698",
      "rabia": "S",
      "fechaRabia": "0019-06-18T23:00:00",
      "esterilizado": "S",
      "caracter": "Bueno",
      "enCMPA": "S",
      "creationDate": "2021-05-20T00:00:00",
      "lastUpdated": "2021-08-18T11:15:20"
    },
    {
      "id": 713,
      "title": "FLAPY",
      "especie": "Canina",
      "raza": "MESTIZO",
      "sexo": "Macho",
      "peligroso": "S",
      "fechaNacimiento": "2017-08-29T00:00:00",
      "capa": "Blanco y negro",
      "tamagno": "Mediano (11-25 kg)",
      "foto": "/cont/paginas/proteccionanimal/animal/imagen/fLAPY-min.jpg",
      "lugar": "Guardería",
      "disponibilidad": "Disponible",
      "identificadoIngreso": "N",
      "microchip": "941000023111294",
      "pasaporteISO": "ES",
      "pasaporteNum": "020271931",
      "rabia": "N",
      "fechaRabia": "2018-08-31T00:00:00",
      "esterilizado": "S",
      "caracter": "Bueno",
      "enCMPA": "S",
      "creationDate": "2021-05-20T00:00:00",
      "lastUpdated": "2021-08-13T12:22:00"
    },
    {
      "id": 721,
      "title": "ARES",
      "especie": "Canina",
      "raza": "AMERICAN STAFFORDSHIRE TERRIER",
      "sexo": "Macho",
      "peligroso": "S",
      "fechaNacimiento": "2018-04-22T00:00:00",
      "capa": "Blanco y atigrado",
      "tamagno": "Mediano (11-25 kg)",
      "foto": "/cont/paginas/proteccionanimal/animal/imagen/ARES-S.jpg",
      "lugar": "Guardería",
      "disponibilidad": "Disponible",
      "identificadoIngreso": "S",
      "microchip": "941000022909034",
      "pasaporteISO": "ES",
      "pasaporteNum": "020294224",
      "rabia": "N",
      "fechaRabia": "2019-07-20T00:00:00",
      "esterilizado": "S",
      "caracter": "Bueno",
      "enCMPA": "S",
      "creationDate": "2021-05-20T00:00:00",
      "lastUpdated": "2021-08-12T10:03:43"
    },
    {
      "id": 281,
      "title": "VITO CORLEONE",
      "especie": "Canina",
      "raza": "MESTIZO",
      "sexo": "Macho",
      "peligroso": "S",
      "fechaNacimiento": "2017-01-01T00:00:00",
      "capa": "Atigrado",
      "tamagno": "Mediano (11-25 kg)",
      "foto": "/cont/paginas/proteccionanimal/animal/imagen/0eddf0099dfd04846e24a360ea8862b6aed7acc657031732c576c8cf60066037.jpg",
      "lugar": "Guardería",
      "disponibilidad": "Disponible",
      "identificadoIngreso": "N",
      "microchip": "941000021640353",
      "pasaporteISO": "ES",
      "pasaporteNum": "020251565",
      "rabia": "N",
      "fechaRabia": "2017-09-01T00:00:00",
      "esterilizado": "S",
      "caracter": "Bueno",
      "enCMPA": "S",
      "creationDate": "2021-05-20T00:00:00",
      "lastUpdated": "2021-08-13T11:00:12"
    },
    {
      "id": 337,
      "title": "BOIRA",
      "especie": "Felina",
      "raza": "COMÚN EUROPEO",
      "sexo": "Hembra",
      "peligroso": "N",
      "fechaNacimiento": "2019-05-20T00:00:00",
      "capa": "Tricolor",
      "tamagno": "Pequeño (< 10 Kg)",
      "foto": "/cont/paginas/proteccionanimal/animal/imagen/Boira 8974.png",
      "lugar": "Casa de Acogida",
      "disponibilidad": "Disponible",
      "identificadoIngreso": "N",
      "microchip": "941000024074041",
      "cartilla": "AR0016727",
      "rabia": "N",
      "esterilizado": "N",
      "enCMPA": "S",
      "creationDate": "2021-05-20T00:00:00",
      "lastUpdated": "2021-08-25T15:33:09"
    },
    {
      "id": 347,
      "title": "Kaos",
      "especie": "Canina",
      "raza": "MESTIZO",
      "sexo": "Macho",
      "peligroso": "S",
      "fechaNacimiento": "2015-01-01T00:00:00",
      "capa": "Marrón",
      "tamagno": "Mediano (11-25 kg)",
      "foto": "/cont/paginas/proteccionanimal/animal/imagen/fb4f50f92edac6bcf1ea8a1d60e2898bc2b98e97ffbbd88d8302b2b6e6bc2512.jpg",
      "lugar": "Guardería",
      "disponibilidad": "Disponible",
      "identificadoIngreso": "N",
      "microchip": "941000019020628",
      "pasaporteISO": "ES",
      "pasaporteNum": "020216176",
      "rabia": "N",
      "fechaRabia": "2018-08-01T00:00:00",
      "esterilizado": "S",
      "caracter": "Bueno",
      "enCMPA": "S",
      "creationDate": "2021-05-20T00:00:00",
      "lastUpdated": "2021-08-13T10:15:17"
    },
    {
      "id": 350,
      "title": "TRIANA",
      "especie": "Canina",
      "raza": "MESTIZO",
      "sexo": "Hembra",
      "peligroso": "S",
      "fechaNacimiento": "2018-01-07T00:00:00",
      "capa": "Blanco y atigrado",
      "tamagno": "Mediano (11-25 kg)",
      "foto": "/cont/paginas/proteccionanimal/animal/imagen/triana.jpg",
      "lugar": "CMPA",
      "disponibilidad": "Disponible",
      "identificadoIngreso": "N",
      "microchip": "941000023477098",
      "pasaporteNum": "020281295",
      "rabia": "S",
      "fechaRabia": "2019-01-02T00:00:00",
      "esterilizado": "S",
      "caracter": "Bueno",
      "enCMPA": "S",
      "creationDate": "2021-05-20T00:00:00",
      "lastUpdated": "2021-08-18T09:43:42"
    },
    {
      "id": 371,
      "title": "Nala",
      "especie": "Canina",
      "raza": "MESTIZO",
      "sexo": "Hembra",
      "peligroso": "S",
      "fechaNacimiento": "2017-03-05T00:00:00",
      "capa": "Atigrado",
      "tamagno": "Grande (26-44 kg)",
      "foto": "/cont/paginas/proteccionanimal/animal/imagen/nala.png",
      "lugar": "Guardería",
      "disponibilidad": "Disponible",
      "identificadoIngreso": "N",
      "microchip": "941000021452929",
      "pasaporteISO": "ES",
      "pasaporteNum": "020246162",
      "rabia": "S",
      "fechaRabia": "2018-08-19T00:00:00",
      "esterilizado": "S",
      "caracter": "Bueno",
      "enCMPA": "S",
      "creationDate": "2021-05-20T00:00:00",
      "lastUpdated": "2021-08-24T08:05:35"
    },
    {
      "id": 461,
      "title": "LONDRES",
      "especie": "Canina",
      "raza": "MESTIZO",
      "sexo": "Macho",
      "peligroso": "S",
      "fechaNacimiento": "2017-07-20T00:00:00",
      "capa": "Canela",
      "tamagno": "Mediano (11-25 kg)",
      "foto": "/cont/paginas/proteccionanimal/animal/imagen/20180716_122110-min.jpg",
      "lugar": "Guardería",
      "disponibilidad": "Disponible",
      "identificadoIngreso": "N",
      "microchip": "941000022909261",
      "pasaporteISO": "ES",
      "pasaporteNum": "020270512",
      "rabia": "N",
      "fechaRabia": "2018-08-19T00:00:00",
      "esterilizado": "S",
      "caracter": "Bueno",
      "enCMPA": "S",
      "creationDate": "2021-05-20T00:00:00",
      "lastUpdated": "2021-08-13T11:52:46"
    },
    {
      "id": 467,
      "title": "JUNIOR",
      "especie": "Canina",
      "raza": "MESTIZO",
      "sexo": "Macho",
      "peligroso": "S",
      "fechaNacimiento": "2018-09-01T00:00:00",
      "capa": "Marrón",
      "tamagno": "Mediano (11-25 kg)",
      "foto": "/cont/paginas/proteccionanimal/animal/imagen/JUNIOR.jpg",
      "lugar": "Guardería",
      "disponibilidad": "Disponible",
      "identificadoIngreso": "N",
      "microchip": "941000023690350",
      "pasaporteISO": "ES",
      "pasaporteNum": "020282633",
      "rabia": "S",
      "fechaRabia": "2019-02-07T00:00:00",
      "esterilizado": "S",
      "caracter": "Bueno",
      "enCMPA": "S",
      "creationDate": "2021-05-20T00:00:00",
      "lastUpdated": "2021-08-13T13:14:29"
    },
    {
      "id": 470,
      "title": "HODOR",
      "especie": "Canina",
      "raza": "MESTIZO",
      "sexo": "Macho",
      "peligroso": "S",
      "fechaNacimiento": "2015-07-05T00:00:00",
      "capa": "Atigrado",
      "tamagno": "Gigante (> 45 Kg)",
      "foto": "/cont/paginas/proteccionanimal/animal/imagen/HODOR.jpg",
      "lugar": "Guardería",
      "disponibilidad": "Disponible",
      "identificadoIngreso": "N",
      "microchip": "941000019280381",
      "pasaporteISO": "ES",
      "pasaporteNum": "020221750",
      "rabia": "S",
      "fechaRabia": "2018-08-08T00:00:00",
      "esterilizado": "S",
      "caracter": "Bueno",
      "enCMPA": "S",
      "creationDate": "2021-05-20T00:00:00",
      "lastUpdated": "2021-08-13T15:05:19"
    },
    {
      "id": 500,
      "title": "ATHOS",
      "especie": "Canina",
      "raza": "AMERICAN STAFFORDSHIRE TERRIER",
      "sexo": "Macho",
      "peligroso": "S",
      "fechaNacimiento": "2017-02-05T00:00:00",
      "tamagno": "Grande (26-44 kg)",
      "foto": "/cont/paginas/proteccionanimal/animal/imagen/athos1.jpeg",
      "lugar": "Guardería",
      "disponibilidad": "Disponible",
      "identificadoIngreso": "N",
      "microchip": "941000023269042",
      "pasaporteISO": "ES",
      "pasaporteNum": "020277996",
      "rabia": "N",
      "fechaRabia": "2018-10-23T00:00:00",
      "esterilizado": "S",
      "caracter": "Bueno",
      "enCMPA": "S",
      "creationDate": "2021-05-20T00:00:00",
      "lastUpdated": "2021-08-13T13:04:57"
    },
    {
      "id": 538,
      "title": "OTTO",
      "especie": "Canina",
      "raza": "MESTIZO",
      "sexo": "Macho",
      "peligroso": "N",
      "fechaNacimiento": "2014-10-01T00:00:00",
      "capa": "Negro y fuego",
      "tamagno": "Mediano (11-25 kg)",
      "foto": "/cont/paginas/proteccionanimal/animal/imagen/a84e697b06cc083212abf9aef63469afee3f5875b460e2442cd4d0edf2a3243b.jpg",
      "lugar": "Guardería",
      "disponibilidad": "Disponible",
      "identificadoIngreso": "N",
      "microchip": "941000017440889",
      "pasaporteISO": "ES",
      "pasaporteNum": "020193430",
      "rabia": "S",
      "fechaRabia": "2018-09-25T00:00:00",
      "esterilizado": "N",
      "caracter": "Por determinar",
      "enCMPA": "S",
      "creationDate": "2021-05-20T00:00:00",
      "lastUpdated": "2021-08-13T12:51:29"
    },
    {
      "id": 543,
      "title": "THOR",
      "especie": "Canina",
      "raza": "PITBULL",
      "sexo": "Macho",
      "peligroso": "S",
      "fechaNacimiento": "2014-11-25T00:00:00",
      "capa": "Blanco y negro",
      "tamagno": "Mediano (11-25 kg)",
      "foto": "/cont/paginas/proteccionanimal/animal/imagen/thor-min (1).jpg",
      "lugar": "Guardería",
      "disponibilidad": "Disponible",
      "identificadoIngreso": "S",
      "microchip": "981098106019180",
      "pasaporteISO": "ES",
      "pasaporteNum": "020181354",
      "rabia": "S",
      "fechaRabia": "2018-03-01T00:00:00",
      "esterilizado": "S",
      "caracter": "Bueno",
      "enCMPA": "S",
      "creationDate": "2021-05-20T00:00:00",
      "lastUpdated": "2021-06-02T13:15:16"
    },
    {
      "id": 572,
      "title": "CONGUITO",
      "especie": "Canina",
      "raza": "AMERICAN STAFFORDSHIRE TERRIER",
      "sexo": "Macho",
      "peligroso": "S",
      "fechaNacimiento": "2017-09-20T00:00:00",
      "capa": "Blanco y negro",
      "tamagno": "Grande (26-44 kg)",
      "foto": "/cont/paginas/proteccionanimal/animal/imagen/20180924_101331.jpg",
      "lugar": "Guardería",
      "disponibilidad": "Disponible",
      "identificadoIngreso": "N",
      "microchip": "941000023110864",
      "pasaporteISO": "ES",
      "pasaporteNum": "020276570",
      "rabia": "N",
      "fechaRabia": "2018-09-24T00:00:00",
      "esterilizado": "S",
      "caracter": "Bueno",
      "enCMPA": "S",
      "creationDate": "2021-05-20T00:00:00",
      "lastUpdated": "2021-06-02T13:16:29"
    },
    {
      "id": 1152,
      "title": "ISIS",
      "especie": "Canina",
      "raza": "PITBULL",
      "sexo": "Hembra",
      "peligroso": "S",
      "fechaNacimiento": "2017-05-15T00:00:00",
      "capa": "Atigrado",
      "tamagno": "Grande (26-44 kg)",
      "foto": "/cont/paginas/proteccionanimal/animal/imagen/ISIS.jpg",
      "lugar": "CMPA",
      "disponibilidad": "Disponible",
      "identificadoIngreso": "N",
      "microchip": "941000023950660",
      "pasaporteISO": "ES",
      "pasaporteNum": "020288399",
      "rabia": "S",
      "fechaRabia": "0019-05-14T23:00:00",
      "esterilizado": "S",
      "enCMPA": "S",
      "creationDate": "2021-05-20T00:00:00",
      "lastUpdated": "2021-08-18T11:27:57"
    },
    {
      "id": 1182,
      "title": "THAIS",
      "especie": "Canina",
      "raza": "MESTIZO",
      "sexo": "Hembra",
      "peligroso": "S",
      "fechaNacimiento": "2017-04-01T00:00:00",
      "capa": "Marrón",
      "tamagno": "Mediano (11-25 kg)",
      "foto": "/cont/paginas/proteccionanimal/animal/imagen/thais.jpg",
      "lugar": "Guardería",
      "disponibilidad": "Disponible",
      "identificadoIngreso": "S",
      "microchip": "981098106585313",
      "pasaporteISO": "ES",
      "pasaporteNum": "020247697",
      "rabia": "S",
      "fechaRabia": "2021-03-08T00:00:00",
      "esterilizado": "S",
      "lugarEsterilizacion": "En el CMPA",
      "fechaEsterilizacion": "2021-05-01T00:00:00",
      "caracter": "Bueno",
      "enCMPA": "S",
      "creationDate": "2021-05-20T00:00:00",
      "lastUpdated": "2021-06-02T13:53:44"
    },
    {
      "id": 1194,
      "title": "COCO",
      "especie": "Canina",
      "raza": "MESTIZO",
      "sexo": "Macho",
      "peligroso": "S",
      "fechaNacimiento": "2018-06-14T00:00:00",
      "capa": "Blanco",
      "tamagno": "Mediano (11-25 kg)",
      "foto": "/cont/paginas/proteccionanimal/animal/imagen/1194_1663743412031.png",
      "lugar": "CMPA",
      "disponibilidad": "Disponible",
      "identificadoIngreso": "N",
      "microchip": "941000023950559",
      "pasaporteISO": "ES",
      "pasaporteNum": "020288376",
      "rabia": "S",
      "fechaRabia": "2022-08-23T00:00:00",
      "esterilizado": "S",
      "caracter": "Bueno",
      "enCMPA": "S",
      "creationDate": "2021-05-20T00:00:00",
      "lastUpdated": "2022-09-21T08:56:52"
    },
    {
      "id": 1203,
      "title": "PEÑITA (ACOGIDA)",
      "especie": "Felina",
      "raza": "COMÚN EUROPEO",
      "sexo": "Hembra",
      "peligroso": "N",
      "fechaNacimiento": "2017-06-25T00:00:00",
      "capa": "Atigrado",
      "tamagno": "Pequeño (< 10 Kg)",
      "foto": "/cont/paginas/proteccionanimal/animal/imagen/pena.jpg",
      "lugar": "Casa de Acogida",
      "disponibilidad": "Disponible",
      "identificadoIngreso": "N",
      "microchip": "941000024072126",
      "cartilla": "AR0016470",
      "rabia": "N",
      "esterilizado": "N",
      "enCMPA": "S",
      "creationDate": "2021-05-20T00:00:00",
      "lastUpdated": "2022-04-11T09:50:51"
    },
    {
      "id": 1207,
      "title": "SIMONA",
      "especie": "Canina",
      "raza": "MESTIZO",
      "sexo": "Hembra",
      "peligroso": "S",
      "fechaNacimiento": "2018-12-05T00:00:00",
      "capa": "Blanco",
      "tamagno": "Mediano (11-25 kg)",
      "foto": "/cont/paginas/proteccionanimal/animal/imagen/SIMONABIS.jpg",
      "lugar": "Guardería",
      "disponibilidad": "Disponible",
      "identificadoIngreso": "S",
      "microchip": "941000024072122",
      "pasaporteISO": "ES",
      "pasaporteNum": "020294261",
      "rabia": "S",
      "fechaRabia": "2020-07-15T00:00:00",
      "esterilizado": "S",
      "lugarEsterilizacion": "En el CMPA",
      "fechaEsterilizacion": "2021-05-01T00:00:00",
      "caracter": "Bueno",
      "enCMPA": "S",
      "creationDate": "2021-05-20T00:00:00",
      "lastUpdated": "2021-06-02T13:33:05"
    },
    {
      "id": 1208,
      "title": "Martinete",
      "especie": "Canina",
      "raza": "MESTIZO",
      "sexo": "Macho",
      "peligroso": "S",
      "fechaNacimiento": "2017-02-11T00:00:00",
      "capa": "Blanco y negro",
      "tamagno": "Mediano (11-25 kg)",
      "foto": "/cont/paginas/proteccionanimal/animal/imagen/07557 Martin.jpg",
      "lugar": "Guardería",
      "disponibilidad": "Disponible",
      "identificadoIngreso": "N",
      "microchip": "941000021934438",
      "pasaporteISO": "ES",
      "pasaporteNum": "020254664",
      "rabia": "N",
      "fechaRabia": "2018-09-25T00:00:00",
      "esterilizado": "S",
      "caracter": "Bueno",
      "enCMPA": "S",
      "creationDate": "2021-05-20T00:00:00",
      "lastUpdated": "2022-07-14T13:40:56"
    },
    {
      "id": 1220,
      "title": "NANUK",
      "especie": "Canina",
      "raza": "MESTIZO",
      "sexo": "Hembra",
      "peligroso": "S",
      "fechaNacimiento": "2018-12-05T00:00:00",
      "capa": "Blanco y negro",
      "tamagno": "Grande (26-44 kg)",
      "foto": "/cont/paginas/proteccionanimal/animal/imagen/NANUK.jpg",
      "lugar": "CMPA",
      "disponibilidad": "Disponible",
      "identificadoIngreso": "S",
      "microchip": "941000024072125",
      "pasaporteISO": "ES",
      "pasaporteNum": "020294259",
      "rabia": "S",
      "esterilizado": "S",
      "enCMPA": "S",
      "creationDate": "2021-05-20T00:00:00",
      "lastUpdated": "2022-07-15T11:53:13"
    },
    {
      "id": 1221,
      "title": "IRENE",
      "especie": "Canina",
      "raza": "MESTIZO",
      "sexo": "Hembra",
      "peligroso": "S",
      "fechaNacimiento": "2018-12-05T00:00:00",
      "capa": "Blanco y negro",
      "tamagno": "Grande (26-44 kg)",
      "foto": "/cont/paginas/proteccionanimal/animal/imagen/IRENE.jpg",
      "lugar": "Guardería",
      "disponibilidad": "Disponible",
      "identificadoIngreso": "S",
      "microchip": "941000024072124",
      "pasaporteISO": "ES",
      "pasaporteNum": "020294256",
      "rabia": "S",
      "fechaRabia": "2020-07-15T00:00:00",
      "esterilizado": "S",
      "caracter": "Bueno",
      "enCMPA": "S",
      "creationDate": "2021-05-20T00:00:00",
      "lastUpdated": "2021-06-02T13:41:37"
    },
    {
      "id": 1246,
      "title": "SANTO",
      "especie": "Canina",
      "raza": "MESTIZO",
      "sexo": "Macho",
      "peligroso": "S",
      "fechaNacimiento": "2018-12-05T00:00:00",
      "capa": "Blanco y atigrado",
      "tamagno": "Grande (26-44 kg)",
      "foto": "/cont/paginas/proteccionanimal/animal/imagen/SANTOBIS.jpg",
      "lugar": "CMPA",
      "disponibilidad": "Disponible",
      "identificadoIngreso": "S",
      "microchip": "941000024072201",
      "pasaporteISO": "ES",
      "pasaporteNum": "020294257",
      "rabia": "S",
      "esterilizado": "S",
      "enCMPA": "S",
      "creationDate": "2021-05-20T00:00:00",
      "lastUpdated": "2021-08-18T11:02:33"
    },
    {
      "id": 1257,
      "title": "STILES",
      "especie": "Canina",
      "raza": "AMERICAN STAFFORDSHIRE TERRIER",
      "sexo": "Macho",
      "peligroso": "S",
      "fechaNacimiento": "2016-04-04T00:00:00",
      "capa": "Atigrado",
      "tamagno": "Mediano (11-25 kg)",
      "foto": "/cont/paginas/proteccionanimal/animal/imagen/a466eefa414b7c86a4dd73aa6199b3d4acc936cea22fd73b35957d6a97a22b39.jpg",
      "lugar": "CMPA",
      "disponibilidad": "Disponible",
      "identificadoIngreso": "N",
      "microchip": "941000022909210",
      "pasaporteISO": "ES",
      "pasaporteNum": "020270518",
      "rabia": "N",
      "fechaRabia": "2018-08-19T00:00:00",
      "esterilizado": "S",
      "caracter": "Bueno",
      "enCMPA": "S",
      "creationDate": "2021-05-20T00:00:00",
      "lastUpdated": "2021-08-17T13:12:48"
    },
    {
      "id": 742,
      "title": "YERRY",
      "especie": "Canina",
      "raza": "MESTIZO",
      "sexo": "Macho",
      "peligroso": "S",
      "fechaNacimiento": "2018-12-05T00:00:00",
      "capa": "Blanco y marrón",
      "tamagno": "Grande (26-44 kg)",
      "foto": "/cont/paginas/proteccionanimal/animal/imagen/yerry.png",
      "lugar": "CMPA",
      "disponibilidad": "Disponible",
      "identificadoIngreso": "S",
      "microchip": "941000024072202",
      "pasaporteISO": "ES",
      "pasaporteNum": "020294264",
      "rabia": "S",
      "esterilizado": "S",
      "enCMPA": "S",
      "creationDate": "2021-05-20T00:00:00",
      "lastUpdated": "2021-08-19T11:45:34"
    }
  ]
}